CHROM	POS	REF	ALT	ClinVar_Significance	ClinVar_Trait	AlphaMissense	SpliceAI_Max_Delta	CADD_phred	REVEL	phyloP100way
chr1	979034	CGAA	C	.	.	.	0.0000	6.977	.	.
chr1	1635982	G	GC	.	.	.	0.1600	.	.	.
chr1	6051661	C	T	likely_benign	RCV002292720	.	0.0000	20.1	0.03	1.101
chr1	6581288	G	A	likely_benign	RCV003412728	0.0846	0.0000	14.82	0.005	0.549
chr1	13196958	G	C	.	.	0.6913	.	0.211	.	-0.002
chr1	21480934	G	T	benign	RCV000972620	0.1435	0.0000	0.281	0.021	-0.687
chr1	25408711	G	A	not_provided,benign	RCV000144442	0.0686	0.0000	0.003	0.015	-2.325
chr1	25408815	T	C	benign	RCV000019283	0.0567	0.0000	0.742	0.043	1.008
chr1	69994621	A	G	.	.	.	0.0000	21.2	0.125	8.358
chr1	146968471	A	C	.	.	0.1026	0.0000	1.623	.	0.024
chr1	149791362	G	A	.	.	0.0622	0.0000	6.282	0.049	0.08
chr1	149851493	C	T	.	.	0.1043	.	21.9	.	3.638
chr1	152910476	G	C	.	.	0.1091	0.0000	1.283	0.013	-2.788
chr1	152910503	C	T	.	.	0.0995	0.0000	0.341	0.022	-0.846
chr1	155752120	C	T	.	.	0.0795	0.0000	19.55	0.066	3.138
chr1	186977737	A	G	benign	RCV000949472	0.0637	0.0000	16.52	0.035	3.259
chr1	204954892	C	T	benign,likely_benign	RCV000881322	.	0.0000	25	0.08	3.281
chr1	248685507	T	C	.	.	.	.	0.912	.	.
chr1	248685554	T	C	.	.	.	.	2.498	.	.
chr2	1830817	CG	C	.	.	.	0.0000	0.734	.	.
chr2	73385903	TGGAGGA	TGGAGGAGGA	.	.	.	.	.	.	.
chr2	112494303	G	A	benign	RCV000954384	0.0779	0.0000	16.88	0.086	4.64
chr2	130142367	T	C	.	.	0.1302	0.0000	6.475	0.032	-0.107
chr2	130464095	G	A	.	.	0.1092	0.0000	9.387	0.016	-0.001
chr2	151606686	C	T	benign,likely_benign	RCV002494560	.	0.0000	8.186	0.045	-0.999
chr2	176130417	T	TGCG	.	.	.	.	13.23	.	.
chr2	214730440	G	A	uncertain_significance,benign,likely_benign	RCV001864376	0.1001	0.0100	25.2	0.104	5.269
chr2	240757423	ATCCTCC	ATCC	.	.	.	0.0000	.	.	.
chr2	240965418	G	A	.	.	.	0.0800	0.074	.	-2.3
chr3	42210085	CGGA	CGGAGGAGGA	.	.	.	.	.	.	.
chr3	42915240	AT	A	.	.	.	0.0000	32	.	.
chr3	46446446	C	T	benign	RCV000967741	0.1117	0.0000	4.005	0.083	-1.816
chr3	57392028	A	T	.	.	.	.	0.065	.	-0.506
chr3	195724850	G	T	.	.	0.1171	0.0000	0.676	0.037	0.191
chr4	9363153	A	G	.	.	0.0515	0.0000	7.041	0.06	0.163
chr4	9363195	T	C	.	.	0.0819	0.0000	9.507	0.038	0.855
chr4	9364057	C	A	.	.	0.0663	0.0100	6.122	0.027	0.134
chr4	9364219	G	C	.	.	0.1462	0.1600	17.41	0.023	0.025
chr4	9364418	G	C	.	.	0.1477	0.0000	8.305	0.012	-0.577
chr4	9364602	T	A	.	.	0.0664	0.0000	0.658	0.009	-1.765
chr4	153598612	A	G	.	.	0.0763	.	7.29	0.068	2.051
chr4	170069224	C	T	.	.	0.0971	0.1500	12.63	0.042	0.459
chr5	177744397	A	G	.	.	0.0904	0.1200	0.002	0.12	-4.915
chr5	179980158	T	C	.	.	0.113	0.0000	23.3	0.142	4.633
chr6	31269990	T	C	.	.	0.044	0.0000	0.354	0.043	-0.069
chr6	31269992	G	A	.	.	0.0974	0.0000	1.758	0.204	-1.103
chr6	31269996	T	C	.	.	0.0661	0.0100	0.018	0.011	-2.194
chr6	31270025	A	G	.	.	0.0707	0.0000	0.203	0.007	0.052
chr6	31270056	T	C	.	.	0.0575	0.0000	0.025	0.022	-3.041
chr6	31270214	G	T	.	.	0.0617	0.0000	4.469	0.072	-0.663
chr6	31270232	T	C	.	.	.	0.0000	0.57	.	.
chr6	31270233	T	G	.	.	0.0401	0.0000	0.228	0.035	-0.919
chr6	31270252	T	C	.	.	0.0382	0.0000	2.166	0.129	2.877
chr6	31270276	G	C	.	.	0.0485	0.0000	0.085	0.023	-1.394
chr6	31270482	G	T	.	.	0.1295	0.0000	15.45	0.174	0.528
chr6	31356248	G	C	likely_benign	VCV003239177	0.2191	0.0100	0.102	0.251	-10.052
chr6	31356431	G	A	.	.	0.1235	0.0900	0.079	0.218	-10.81
chr6	31356748	C	T	.	.	0.1013	0.0000	8.896	0.179	-1.085
chr6	31356749	C	G	.	.	0.2811	0.0000	4.302	0.244	-1.057
chr6	31645145	T	TG	.	.	.	0.0000	24.2	.	.
chr6	31984403	C	A	benign	RCV001537850	0.2702	0.0000	27.4	0.212	3.879
chr6	32027362	A	G	benign,likely_benign	RCV001703353	0.0479	0.0000	3.279	0.034	1.083
chr6	32041127	G	A	benign	RCV000243232	.	0.0000	0.46	0.076	-0.227
chr6	32641429	G	GTCTGGTGTTTGCCTGTTCTCAGACAATTTAGATTTGACCCGCAATTTGCACTGACAAACATCGCTGTCCTAAAACATAACTTGAACAGT	.	.	.	.	.	.	.
chr6	32641430	CCTGGCGGTGGCCTGAGTTCAGCAAATTTGGAGGTTTTGACCCGCAGGGTGCACTGAGAAACATGGCTGTGGCAAAACACAACTTGAACATCA	C	.	.	.	.	.	.	.
chr6	32641535	A	C	.	.	.	0.0100	0.387	0.28	-0.282
chr6	32664821	A	T	.	.	.	0.0000	0.002	0.041	-3.825
chr6	32664851	G	C	.	.	.	0.0000	16.73	0.114	-0.095
chr6	32664858	A	C	likely_benign	RCV003428823	.	0.0000	0.001	0.238	-1.689
chr6	32664860	T	G	.	.	.	0.0000	2.302	0.18	-0.57
chr6	32664861	C	A	.	.	.	0.0000	32	.	-0.688
chr6	32664870	T	C	.	.	.	0.0000	1.372	0.249	-4.191
chr6	32664883	T	TCTCGCCGCTGCCTCCTGTCCTCTGGGGTGGAACAAACGGGGCTCAGGTTCCAGAGGCCACGACCCTTCGCCCCTCCTGGCGCAGAGACTTGGGGCCAAGGGTGGGCCTCGCAGAGGGGCGACGCCGCTCACCTCGCCGCTGCAAGGTCGTGCGGAGCTCCAACTGGTAGTTGTGTCTGCACACCCTGTCCACCGCCGCCCGTTTCCTCTCCAGGATG	.	.	.	.	.	.	.
chr6	32664917	C	A	.	.	.	0.0000	12.02	0.088	0.297
chr6	32664926	G	A	.	.	.	0.0000	13.55	0.119	-0.204
chr6	32664992	T	C	.	.	.	0.0000	18.73	0.13	-1.022
chr6	32664998	G	C	.	.	.	0.0200	0.01	0.084	-3.057
chr6	36715518	G	A	.	.	0.0812	0.0100	0.728	.	-0.343
chr6	57402257	T	C	.	.	.	0.2700	0.452	.	-0.787
chr6	81752010	ACCGCCGAAGTCGCCG	ACCGCCGAAGTCGCCGCCGCCGAAGTCGCCG	.	.	.	.	.	.	.
chr6	131700654	C	A	uncertain_significance	RCV002931488	0.0436	0.0200	3.418	0.123	1.212
chr6	131700690	G	A	.	.	0.0771	0.0000	17.52	0.042	-0.366
chr6	131710960	C	G	uncertain_significance	RCV003004892	0.0547	0.0000	0.385	0.046	-1.063
chr6	165654841	C	G	.	.	.	0.0500	0.037	.	-0.898
chr7	38291680	A	AAAGTGG	.	.	.	.	6.527	.	.
chr7	45083586	G	A	.	.	0.0716	0.0000	0.06	0.008	-0.302
chr7	45083947	G	T	.	.	0.0816	0.0000	1.457	0.027	-0.333
chr7	143722718	G	A	.	.	0.1133	0.0100	14.47	0.114	0.593
chr7	144184212	G	C	.	.	0.087	0.0100	0.087	0.078	-0.101
chr7	144185609	C	A	uncertain_significance	RCV002931507	0.0745	0.0000	0.09	0.105	0.237
chr7	152113391	A	G	.	.	0.1175	0.0000	23	0.371	5.29
chr8	6936877	G	A	.	.	0.1339	0.1300	15.39	0.019	1.114
chr8	6936878	C	G	.	.	0.2788	0.1700	7.755	0.093	-1.36
chr8	11808709	GTCCCAC	GTCCCACTCCCACTCCCAC	.	.	.	.	.	.	.
chr8	41690485	T	C	benign	RCV000388799	0.0694	0.0000	21.6	0.054	1.98
chr8	112265476	T	A	.	.	0.1375	0.0000	22.4	0.097	2.71
chr8	138594184	A	T	likely_benign	RCV003440675	0.4529	0.0100	24.1	0.567	7.074
chr9	1056398	C	G	benign	RCV003983304	0.2915	0.0000	24.6	0.338	7.713
chr9	1056732	G	A	benign	RCV000956693	0.0702	0.0000	7.229	0.088	1.092
chr9	42104728	A	C	likely_benign	RCV003425673	0.0606	.	5.823	.	0.413
chr9	66988618	T	C	.	.	0.0634	0.0000	0.675	.	0.07
chr9	92474742	CTCA	CTCATCA	.	.	.	.	.	.	.
chr9	97854418	AGCCGCC	AGCCGCCGCC	.	.	.	.	.	.	.
chr9	127695053	TTGATGATGA	TTGATGATGATGATGA	.	.	.	.	.	.	.
chr9	131446568	G	A	.	.	0.077	0.0000	17.28	.	0.664
chr9	131525948	C	A	.	.	.	0.0000	0.268	0.047	-1.771
chr10	1102895	C	T	.	.	.	0.0100	1.306	.	-0.857
chr10	45753201	T	C	.	.	0.04	.	8.417	0.034	0.592
chr10	45792275	A	T	.	.	0.0578	.	14.87	0.083	0.705
chr10	45825926	T	C	uncertain_significance	RCV004260542	0.0516	0.0000	8.22	0.127	3.858
chr10	45826649	G	C	.	.	0.0824	0.0000	6.58	0.094	1.512
chr10	48168612	G	T	.	.	0.0571	0.0000	12.02	0.021	0.452
chr10	73911598	G	T	benign	RCV000404874	0.1118	0.0000	15.25	0.102	0.995
chr10	87226077	TC	T	.	.	.	0.0200	13.88	.	.
chr10	87234056	T	A	.	.	0.0444	0.0300	1.288	0.059	-1.04
chr10	87360639	T	C	.	.	0.3721	0.0000	4.482	0.017	0.246
chr11	4233598	C	T	.	.	0.1056	.	0.132	.	0.01
chr11	67991572	C	A	uncertain_significance,benign	RCV004718731	0.3256	0.0000	23.9	0.189	3.383
chr12	8932856	C	A	benign	RCV003222753	0.1658	0.0000	21.4	0.02	4.467
chr12	30726042	G	C	.	.	.	0.0000	24.2	0.205	3.892
chr12	51346629	G	GC	benign	RCV000454886	.	0.1500	.	.	.
chr12	51346630	GAC	G	benign	RCV000455539	.	0.1200	19.52	.	.
chr12	52651831	A	ACCTCCAAAGCCGCTGCCG	benign	RCV000973724	.	.	6.238	.	.
chr12	105106853	G	A	.	.	.	.	3.941	.	0.055
chr12	132141339	C	T	.	.	0.0689	0.0000	11.4	0.013	0.896
chr12	133225713	T	C	.	.	.	0.0000	7.897	.	0.771
chr13	28037245	T	G	not_provided,benign	RCV000965256	0.0724	0.0000	12.79	0.072	0.123
chr13	77017068	CT	C	.	.	.	0.0000	22	.	.
chr15	21431800	G	C	.	.	0.0799	.	1.087	.	0.352
chr15	23445332	T	C	.	.	0.0488	0.1100	0.437	.	-0.422
chr15	30088800	G	A	.	.	0.1044	0.0000	12.83	.	0.162
chr15	32599771	G	C	.	.	0.1269	0.0000	14.61	0.04	1.91
chr15	32599780	A	T	.	.	0.1879	0.0000	15.22	0.017	-0.094
chr15	32600282	T	G	.	.	0.0512	0.0000	4.676	0.059	1.427
chr15	48992550	TTCC	T	.	.	.	0.0000	18.69	.	.
chr15	71660560	G	A	benign	RCV003485789	0.0794	0.0000	26.6	0.237	9.678
chr15	82138804	C	T	benign,likely_benign	RCV000888347	0.0803	.	23.2	0.17	7.614
chr15	82151813	G	T	uncertain_significance,benign,likely_benign	RCV001974137	0.6575	.	25	0.908	9.495
chr15	84235853	T	C	.	.	0.2079	0.0000	0.43	0.035	-0.185
chr16	788407	GCC	GC	.	.	.	.	.	.	.
chr16	72788113	TGCTGCTGCTGCTGTAGTTGCC	T	uncertain_significance,likely_benign	RCV003918628	.	.	16.91	.	.
chr17	17796723	AAGG	A	benign,likely_benign	RCV000989765	.	0.0000	16.35	.	.
chr17	20455389	T	C	.	.	0.0548	0.0000	0.043	0.004	-0.517
chr17	43228460	T	C	.	.	.	.	16.39	.	0.681
chr17	66893462	A	G	.	.	.	.	0.054	.	-1.307
chr17	75596531	C	T	likely_benign	RCV003428472	.	0.0000	4.098	.	.
chr17	79795321	GATCCCGCTCCCGGTCCCT	G	.	.	.	.	15.56	.	.
chr17	81460363	G	A	.	.	0.0629	0.0100	15.22	.	5.509
chr19	3590707	A	G	.	.	.	0.0000	0.34	.	-6.37
chr19	8677305	C	A	.	.	0.1068	.	0.027	.	-0.132
chr19	11359694	C	G	.	.	0.1038	0.0200	15.26	0.068	1.28
chr19	13207858	CCTGCTG	CCTG	.	.	.	0.0000	.	.	.
chr19	14767008	G	A	uncertain_significance	RCV001732874	0.0586	0.0000	0.176	0.197	-0.092
chr19	32676869	C	CG	uncertain_significance,drug_response	RCV003229031	.	0.0000	22.4	.	.
chr19	33125171	C	T	benign	RCV000955034	0.0852	0.0000	15.16	0.025	0.512
chr19	35359021	A	G	.	.	0.0504	0.0000	8.353	0.092	0.045
chr19	35359023	C	T	.	.	0.114	0.0000	24.4	0.117	1.579
chr19	41414125	C	T	benign,likely_benign	RCV001273305	0.0876	0.0000	22.4	0.434	1.309
chr19	54221086	T	C	.	.	.	.	0.001	.	-5.586
chr19	54221087	G	C	.	.	.	.	7.744	.	-3.703
chr19	54221098	C	T	.	.	.	.	17.56	.	0.372
chr19	54829445	T	G	.	.	0.0334	0.0000	0.116	0.035	-1.217
chr19	57428458	G	A	.	.	.	.	.	.	.
chr19	57475736	C	T	.	.	.	0.0400	35	.	1.234
chr20	33083178	A	G	.	.	.	0.0000	2.984	.	0.569
chr20	58889945	CGGCTGCCGAGGT	C	.	.	.	.	20.3	.	.
chr21	43565321	G	A	.	.	0.0538	0.0000	6.288	.	4.746
chr21	44202056	T	G	.	.	.	.	12.99	.	-2.082
chr21	44600805	T	C	.	.	0.1025	.	17.27	.	0.534
chr21	44600806	A	G	benign	RCV002246868	0.053	.	5.24	.	-0.165
chr21	44600827	G	C	.	.	0.0711	.	1.014	.	-1.641
chr22	18936072	C	G	benign	RCV001713096	.	0.0000	13.79	.	.
chr22	21548331	G	C	.	.	0.0729	0.0000	6.599	0.014	0.167
chr22	21549212	T	C	.	.	0.0685	0.0000	7.111	0.019	0.107
chr22	23982871	A	G	.	.	.	.	0.162	.	.
chr22	24728176	C	T	.	.	.	0.8600	22.6	.	.
chr22	33277139	C	T	benign,likely_benign	RCV000710159	0.1121	.	25.7	0.149	2.911
chr22	50547274	A	G	.	.	.	.	1.119	.	0.3
chr22	50547303	C	T	.	.	.	.	0.492	.	-0.426
